{"cameraMode":{"drawMode":0,"name":"Shaded","section":"Shading Mode"},"sceneLighting":true,"audioPlay":false,"sceneViewState":{"m_AlwaysRefresh":false,"showFog":true,"showSkybox":true,"showFlares":true,"showImageEffects":true,"showParticleSystems":true,"showVisualEffectGraphs":true,"m_FxEnabled":true},"in2DMode":false,"pivot":{"x":12.49811840057373,"y":4.601875305175781,"z":-13.127059936523438},"rotation":{"x":0.7092241644859314,"y":0.0010574732441455126,"z":-0.001063837087713182,"w":0.7049815654754639},"size":12.538346290588379,"orthographic":false}